#key	value
name	AmadeusWeb
byline	A DAWN Site
year	2019

|labels and messages
iconName	AmadeusWeb.in
siteMenuName	AW Home
description	Introduces the Dynamic AmadeusWeb Network as a Social Experiment.
notes	Built on YieldMore, founded 2013, Also Tripping, 2005, largely AI Generated.
welcome-message	This is a DAWN Site
footer-message	DAWN

|img and styles
safeName	amadeusweb	//NOTE: used in getLogoOr
mediakit	?palette=default
|fonts	cursive=Eagle+Lake&menu=Quintessential&menu-size=1.3rem

|technical
sections	start, welcome, with-ai, More: whois+dawn+opus
local-url	http://localhost/amadeusweb/www/
live-url	https://amadeusweb.in/
